5861589,0.1,-1.433952986334015,2
5862501,0.11,-107.81502935200116,200
5862564,0.12,-127.01343666964101,409
5864049,0.12,-31.253510047155103,46
5864574,0.1,-124.1203617948181,287
5864670,0.11,-6.836974913734706,11
5865450,0.12,-187.9872721449839,743
5866902,0.11,-50.11577589059441,92
5866914,0.12,0.0,0
5867496,0.1,-26.684549566765565,61
5868384,0.12,-203.66625770809347,951
5869143,0.11,-6.605869651897669,8
5869881,0.12,-6.548570569168642,8
5870553,0.1,-42.2575070870052,82
5871348,0.11,-7.374226236824847,6
5871399,0.12,-250.23356879897133,1329
5872824,0.12,-106.14336033408644,253
5873412,0.1,-68.3031141047811,127
5873550,0.11,0.0,0
1491,0.12,-28.87480534994008,17
2259,0.11,-22.827718433765487,38
2832,0.1,0.0,0
2940,0.12,-8.134795486950077,3
4410,0.12,-201.0924834001086,1165
4482,0.11,-2.4760976161469967,1
5742,0.1,-9.921438437177613,7
5898,0.12,0.0,0
5874318,0.12,-144.9852641306113,594
5875752,0.12,-54.457284409851965,123
5875815,0.11,0.0,0
5876376,0.1,-0.6236007362698073,1
5877183,0.12,-63.07650596977845,116
5877945,0.11,-4.483061660795411,9
5878707,0.12,-18.120710587268054,21
5879292,0.1,-107.84843412561884,280
6633,0.11,-197.71082245787224,658
7278,0.12,-136.93606301188345,280
8484,0.1,-144.40793560664903,551
8757,0.12,-34.14391947210376,48
8802,0.11,-7.284230992597313,8
10209,0.12,0.0,0
10932,0.11,-19.554875189134034,21
11358,0.1,-1.0627913412028551,1
11676,0.12,-235.1293613081302,878
5880165,0.12,0.0,0
5880207,0.11,-26.27720469652892,55
5881548,0.12,0.0,0
5882178,0.1,-16.967703339279584,36
5882436,0.11,-29.86247449081568,37
5882928,0.12,-61.60120445393281,165
5884353,0.12,-223.86987278291255,966
5884629,0.11,0.0,0
5885082,0.1,-100.15189149910935,202
5885742,0.12,0.0,0
13077,0.12,-89.90439984671735,274
13140,0.11,-8.12958269979596,9
14289,0.1,-21.25727205662481,26
14463,0.12,-264.95174726919294,1414
15258,0.11,-190.73601271762558,941
15969,0.12,-41.51015653319057,91
17268,0.1,0.0,0
17442,0.12,-6.76225786967197,2
17451,0.11,-169.34677154649805,319
5886810,0.11,-47.45271777298782,72
5887263,0.12,-200.33422640212012,947
5888040,0.1,-18.315694497376164,25
5888739,0.12,-96.08059123092644,237
5888952,0.11,-376.67035151301826,2318
5890191,0.12,-100.43630110404813,222
5890860,0.1,0.0,0
5891193,0.11,0.0,0
5891610,0.12,-67.75097878391293,88
18843,0.12,-104.81181977280825,210
19602,0.11,-86.9066556720632,162
20190,0.1,-210.62046342879282,823
20292,0.12,-15.344626577133267,15
21708,0.11,-290.27867828379993,1252
21717,0.12,-294.0676318910305,2280
23100,0.1,-58.64685733586644,60
23145,0.12,-207.46078737638112,970
23922,0.11,-33.77694473331381,33
5893065,0.12,-233.4214898581108,1480
5893350,0.11,-9.619258544705227,9
5893803,0.1,-20.798022733176662,31
5894448,0.12,-3.8730829915109686,5
5895537,0.11,-19.726677508420316,22
5895894,0.12,-27.297387231100664,39
5896728,0.1,0.0,0
5897376,0.12,-192.78629705941148,843
5897808,0.11,-42.175193077230425,66
24651,0.12,-15.046625365446742,17
25920,0.1,-57.83521790759123,82
26067,0.11,-8.898448426453406,4
26127,0.12,-73.04883908153437,88
27615,0.12,-90.3163554880513,151
28266,0.11,-107.54304265758522,150
28764,0.1,-208.2495000879507,694
29079,0.12,-21.664695489836223,21
5898834,0.12,-228.0734926020135,1154
30498,0.12,-123.11222302188224,383
30522,0.11,-40.06400552586681,64
5899554,0.1,-5.043278965005164,7
5900061,0.11,-4.643196033540397,7
5900241,0.12,-198.54604839355204,875
5901708,0.12,-123.2448696022036,422
5902290,0.11,-51.70330804255437,128
5902503,0.1,0.0,0
5903196,0.12,-1.5443301086372507,1
31683,0.1,-8.724199107775917,6
31971,0.12,-240.1405672831561,872
32745,0.11,-475.44918502371877,3362
33432,0.12,-74.52634760740919,96
34620,0.1,0.0,0
34734,0.11,-66.8469053677764,126
34947,0.12,-75.89512995698641,62
5904474,0.11,-2.094125763283446,3
5904648,0.12,-114.83965945810927,309
36414,0.12,-180.12750853203897,730
5905398,0.1,-85.5930387510526,215
5906175,0.12,-91.90775696252997,239
5906637,0.11,-80.64770909345887,206
5907588,0.12,-131.93335529477514,355
5908275,0.1,-10.367396892144498,19
5908941,0.11,-62.03678007545673,137
5909013,0.12,-121.49830953223154,403
5910435,0.12,-3.1178897817304474,1
36891,0.11,-10.602432919280334,12
37554,0.1,-53.914398803823815,69
37899,0.12,-59.50665673524028,64
39048,0.11,-21.841784561401642,22
39444,0.12,-28.525692855693343,31
40524,0.1,0.0,0
40941,0.12,-254.03831070354613,1021
41304,0.11,-183.6662513969365,463
5911158,0.1,0.0,0
5911233,0.11,0.0,0
42465,0.12,-264.66868655425003,1517
5911824,0.12,-4.94568023805555,4
5913339,0.12,-96.88665041016408,274
5913507,0.11,-136.32083693181713,371
5914179,0.1,0.0,0
5914863,0.12,-84.95650804428887,194
5915688,0.11,-10.882103847234767,12
5916369,0.12,-117.21585808259512,283
43446,0.11,-52.94709845642504,100
43506,0.1,-435.2348979512104,2590
44007,0.12,-131.74741139895207,290
45495,0.12,-159.05452690801647,353
45606,0.11,-158.41543904030885,328
46413,0.1,-49.34942947523502,70
46944,0.12,-194.09709458913392,548
47811,0.11,-220.58325824154468,686
5917203,0.1,-0.70681337132376,1
48405,0.12,-21.209322022356105,15
5917695,0.12,-6.88003709845325,9
5917866,0.11,-74.95316084836747,234
5919120,0.12,0.0,0
5920071,0.11,0.0,0
5920089,0.1,-4.168620654807323,5
5920611,0.12,-3.7558290388727777,4
5922078,0.12,-174.28041781144896,607
5922303,0.11,-63.6713156099795,186
49287,0.1,-8.860799265575237,19
49857,0.12,0.0,0
49953,0.11,-8.571457793556405,2
51339,0.12,-100.25035046145855,221
52209,0.11,-180.3808094264688,412
52209,0.1,0.0,0
52881,0.12,-65.94469624540089,126
5923014,0.1,0.0,0
5923458,0.12,-59.93395909396981,117
54387,0.12,-164.13269856919874,403
54420,0.11,-151.9275659112221,362
5924487,0.11,-0.8240777914844106,1
55206,0.1,-60.51520511794958,91
5924973,0.12,-200.17054292482695,964
5925852,0.1,-110.42556276490768,269
5926464,0.12,-118.01523331362681,377
5926620,0.11,-3.332231930561914,3
5927949,0.12,-5.820380968767189,11
5928663,0.1,0.0,0
5928849,0.11,-95.89934899514292,195
55800,0.12,0.0,0
56649,0.11,-126.13905013860405,215
57270,0.12,-4.143212411451524,4
58158,0.1,-21.193142860291307,25
58761,0.12,-268.9840263490718,1317
58872,0.11,-5.524753880062003,4
5929401,0.12,-11.430677533412661,17
60210,0.12,0.0,0
5930895,0.12,-112.93465852541156,401
61026,0.11,-170.14311611401257,285
61122,0.1,-133.2640777013077,218
5931153,0.11,-7.228833023363232,4
5931669,0.1,-68.66967399912345,173
5932350,0.12,-81.26401234058753,129
5933379,0.11,-132.05967117687865,428
5933853,0.12,-98.87426131861804,244
5934624,0.1,-6.097552577528861,3
61737,0.12,-250.64672202522178,1079
63201,0.12,-5.9217930461337716,8
63273,0.11,-252.9048697779678,1298
64086,0.1,-128.89998273884743,296
64731,0.12,-106.00402222992277,234
5935263,0.12,-168.30015338819206,534
5935617,0.11,-31.921937880346935,54
65511,0.11,-37.04147604398897,42
66255,0.12,-240.21408975282495,1174
5936709,0.12,-71.1960375922566,164
66924,0.1,0.0,0
5937561,0.1,-14.790258070775211,26
5937870,0.11,-0.8050549659936604,1
5938233,0.12,0.0,0
5939691,0.12,-99.79004208486505,297
5940060,0.11,0.0,0
5940510,0.1,0.0,0
5941149,0.12,-69.29494509886086,117
67743,0.12,-1.456485459005988,2
67758,0.11,-89.1007380987248,149
69213,0.12,-149.34753305793743,302
69813,0.1,-8.145941406190731,3
69924,0.11,-86.99162546972865,283
70638,0.12,0.0,0
5942154,0.11,-54.143198399617646,152
72132,0.11,-29.930484162883275,37
72150,0.12,-54.989940162450424,56
5942565,0.12,-193.27064883685165,762
72753,0.1,-84.95159874536749,141
5943471,0.1,0.0,0
73590,0.12,-42.27124320852316,65
5944038,0.12,-186.51134898751516,724
5944398,0.11,-14.454076115107739,19
5945481,0.12,-86.13426827794265,205
5946405,0.1,-131.39565272926296,608
5946579,0.11,-34.3253814760604,62
5946963,0.12,-36.63234157977293,81
74352,0.11,-6.139985470229728,9
75048,0.12,-28.919381933742564,22
75624,0.1,0.0,0
76488,0.12,-90.9409452553657,132
76557,0.11,-50.71876933582966,52
77976,0.12,-3.3769753613240487,2
5948433,0.12,-24.42886411006151,66
5948658,0.11,0.0,0
78642,0.1,0.0,0
78789,0.11,-17.45652097740003,18
5949399,0.1,0.0,0
79485,0.12,-192.94686827613094,617
5949978,0.12,-158.40662378715925,717
5950704,0.11,0.0,0
5951418,0.12,-40.83829969041798,72
5952453,0.1,-13.538328435423397,29
5952828,0.12,-223.57188078895112,1136
5952846,0.11,-27.850599907064897,25
80913,0.12,0.0,0
80940,0.11,-159.3707027196127,408
81555,0.1,-90.5116795837172,268
82443,0.12,-69.46712014786958,158
83079,0.11,0.0,0
5954286,0.12,0.0,0
83916,0.12,0.0,0
5955021,0.11,0.0,0
84525,0.1,-150.93097666201737,499
5955396,0.1,0.0,0
5955714,0.12,-6.819160763732282,17
85257,0.11,-24.617305548265634,30
85332,0.12,-27.105608917858607,42
5957220,0.12,-20.44583697018055,30
5957277,0.11,-68.06900171449098,139
5958393,0.1,-33.30051662901171,44
5958696,0.12,-179.2976050003235,569
5959425,0.11,-198.01159156257012,584
86796,0.12,-189.70237943434464,438
87435,0.11,-339.37730800100456,984
87450,0.1,-15.985591020581412,27
88254,0.12,-130.73296048908085,428
5960127,0.12,0.0,0
89556,0.11,0.0,0
89751,0.12,-269.37723173895034,1283
5961372,0.1,-9.793386442983282,12
5961561,0.11,0.0,0
90447,0.1,-22.958293219503464,22
5961648,0.12,-0.9624456808803346,1
91242,0.12,-56.2978949765851,81
91716,0.11,-204.61200271299967,619
5963154,0.12,-249.08199103139347,1460
5963688,0.11,-108.08929130981682,241
5964276,0.1,0.0,0
5964651,0.12,-175.0108273364591,450
92787,0.12,0.0,0
93459,0.1,-80.19963275608283,166
93768,0.11,-28.204289566788997,26
94254,0.12,-17.875953216202998,10
5965848,0.11,-4.790413148720372,9
5966112,0.12,-22.604077822027875,46
95709,0.12,-169.29146829357364,362
5967255,0.1,0.0,0
95952,0.11,0.0,0
5967534,0.12,-16.591981022521168,26
96381,0.1,-3.663585989843887,9
5968029,0.11,-4.611331197339962,6
97143,0.12,-37.016030110834166,60
5968920,0.12,0.0,0
98268,0.11,-405.8944336544005,1843
5970132,0.1,-0.9639104931735964,1
5970267,0.11,-3.894076148033397,3
5970381,0.12,-251.80579836042997,1032
5971920,0.12,-55.24001553820107,90
98679,0.12,-106.16340251574911,188
99240,0.1,0.0,0
100134,0.12,-87.47892795803419,253
100518,0.11,0.0,0
5972505,0.11,0.0,0
5973069,0.1,-153.91809715198806,498
101658,0.12,-19.40655843300547,36
5973387,0.12,-166.67441918112743,504
102072,0.1,-7.2082113789996765,6
102759,0.11,-23.526883667772957,28
5974704,0.11,-151.75303778843823,676
103194,0.12,-10.78672773999588,7
5974842,0.12,-115.8285631236583,242
5976117,0.1,-5.1901232176674,7
5976366,0.12,-12.570699255653208,18
5976837,0.11,0.0,0
5977875,0.12,-1.043368515802398,1
104664,0.12,-36.637688437547716,58
105024,0.11,-36.358791679704005,51
105063,0.1,-21.272898213322875,26
106110,0.12,0.0,0
5979006,0.11,-60.83860821531707,130
5979024,0.1,0.0,0
107259,0.11,-9.962215388146136,16
5979267,0.12,-0.9367887928010401,2
107568,0.12,-160.4672216598601,439
108012,0.1,0.0,0
5980722,0.12,-88.80367673193521,265
109089,0.12,-127.85942038875085,375
5981268,0.11,-34.13249403154677,40
109437,0.11,-6.0776035291781225,7
5981964,0.1,0.0,0
5982126,0.12,0.0,0
5983320,0.11,0.0,0
5983572,0.12,-13.784613134674675,26
110607,0.12,-293.10374275498225,1666
110886,0.1,0.0,0
111651,0.11,-6.666079426976685,7
112038,0.12,-5.4299260013481465,7
5984934,0.1,0.0,0
5985078,0.12,-248.71387459555092,1211
113451,0.12,-5.294722629792008,7
5985594,0.11,-241.3571430219636,943
113856,0.1,0.0,0
113862,0.11,-16.52184037575534,18
5986566,0.12,-37.358278416022145,41
114927,0.12,-3.079160448303786,5
5987898,0.11,-5.27819873293322,4
116037,0.11,0.0,0
5987910,0.1,0.0,0
5988018,0.12,-39.85180413469322,50
116397,0.12,0.0,0
5989491,0.12,0.0,0
5990085,0.11,-131.12633191132244,409
116805,0.1,-167.49508121827841,320
117951,0.12,-22.458914873258504,19
118236,0.11,-109.50898604914045,248
5990781,0.1,-14.89130261300027,20
5990934,0.12,-50.95008872456987,93
119430,0.12,-30.10825699682686,43
119625,0.1,0.0,0
5992254,0.11,0.0,0
5992410,0.12,-1.1061917019612253,1
120519,0.11,-56.24183294468735,70
120963,0.12,0.0,0
5993730,0.1,-3.1851531269065188,7
5993886,0.12,-33.3684673122717,59
5994444,0.11,-26.268548206471745,46
122457,0.12,-206.1226903226025,581
122481,0.1,-7.2903642883964945,3
122772,0.11,-51.876346107560224,119
5995365,0.12,-37.83227066359883,89
123855,0.12,-229.2729795618109,945
5996631,0.1,-10.639424443728107,13
5996652,0.11,0.0,0
5996850,0.12,-6.490247816842478,7
124971,0.11,0.0,0
125307,0.1,-66.95488536568527,123
125316,0.12,-73.16194227057724,166
5998338,0.12,-150.9014676523707,474
5998701,0.11,0.0,0
126789,0.12,-58.27258637418567,49
127203,0.11,-20.512186812178133,25
5999658,0.1,-5.714950989997879,10
5999799,0.12,-110.99214865559377,219
128199,0.1,0.0,0
128241,0.12,-86.24967917412272,174
6000915,0.11,-3.2162169199776005,4
6001305,0.12,-96.68587989318813,273
6002544,0.1,0.0,0
129471,0.11,-199.50067826474134,342
129648,0.12,0.0,0
131121,0.12,-159.9435967237437,329
131250,0.1,-432.8851022696874,1254
131649,0.11,-87.90831449588677,143
132576,0.12,0.0,0
133902,0.11,-409.5588198123778,1830
134043,0.12,-266.4346940035989,1356
134286,0.1,0.0,0
135537,0.12,0.0,0
136116,0.11,-3.1723477018694672,2
137010,0.12,-11.159282547282372,22
137193,0.1,-3.1588730131432667,2
138321,0.11,-3.3231591955931994,2
138519,0.12,-251.5220348405586,1239
139983,0.12,-162.02960341694745,583
140163,0.1,0.0,0
140469,0.11,-35.258303850895196,63
141426,0.12,0.0,0
142713,0.11,-168.81700263921087,344
142941,0.12,-36.20092463845157,35
143106,0.1,-1.3065007883430484,3
144450,0.12,0.0,0
144870,0.11,-33.7122212744345,43
145950,0.12,-254.6223119194832,997
146004,0.1,-51.67371463397656,65
147108,0.11,-73.14024388303424,106
147390,0.12,-104.02790428249536,299
148872,0.12,-29.790911642328506,43
148896,0.1,-47.52384135234105,55
149265,0.11,-71.04433158295235,164
150336,0.12,-109.04164350731781,162
151542,0.11,-52.53355961068311,64
151830,0.12,-66.49979891508579,195
151914,0.1,-29.27017647665776,25
153294,0.12,0.0,0
153777,0.11,-12.294176210704375,11
154683,0.12,-11.439263503673914,12
154704,0.1,0.0,0
156033,0.11,-6.431545508679855,10
156177,0.12,-75.75682922134547,194
157542,0.1,-8.213067618675973,6
157722,0.12,-104.39918118555993,180
158178,0.11,0.0,0
159225,0.12,-3.2375393724879,3
160380,0.11,-92.48939897691594,182
160380,0.1,-11.58232054544961,15
160632,0.12,-41.742231791026825,34
162138,0.12,-279.19356263226814,1420
162687,0.11,-152.58484998528417,426
163290,0.1,-44.805102517427656,63
163668,0.12,-208.84850421092074,845
164874,0.11,-276.04315024848415,1243
165141,0.12,-191.30759565514032,537
166248,0.1,0.0,0
166632,0.12,-84.89487167919243,303
167025,0.11,-2.358682676495265,3
168138,0.12,-83.99374778212511,183
169221,0.11,-16.237587323029626,19
169260,0.1,-2.6591442187241405,5
169710,0.12,-292.2600769978287,1723
171186,0.12,-90.68809435293768,254
171549,0.11,0.0,0
172275,0.1,-133.99591290098732,277
172662,0.12,-23.35508858955977,19
173751,0.11,-26.434107826952626,25
174147,0.12,0.0,0
175242,0.1,-59.09920890276904,94
175656,0.12,-44.48507991893908,54
176031,0.11,-44.56659160788492,55
177105,0.12,-73.81370874370782,137
178230,0.1,-366.7569020554676,1171
178260,0.11,-0.9395832225792577,2
178566,0.12,-55.873136514157586,71
179967,0.12,-158.49307099544117,664
180585,0.11,-2.807841450359198,1
181143,0.1,-13.074888649964038,14
181503,0.12,-28.301827080271323,43
182874,0.11,-152.19497902241616,344
182931,0.12,0.0,0
183972,0.1,0.0,0
184353,0.12,-27.287671116856625,18
185148,0.11,-261.2537949985784,1407
185874,0.12,0.0,0
186843,0.1,-14.73810532150037,11
187293,0.12,-104.97554030021685,381
187311,0.11,-19.58622495242223,17
188769,0.12,0.0,0
189396,0.11,-17.021577201586513,22
189843,0.1,-36.24474448440744,54
190272,0.12,-194.6142901560796,561
191622,0.11,-93.06808355160364,186
191811,0.12,-310.73489135604495,2179
192858,0.1,-30.91599268454142,46
193320,0.12,-70.17393532866708,112
193809,0.11,0.0,0
194793,0.12,-159.84563231601183,370
195804,0.1,-26.265324655615206,37
196017,0.11,-117.93004564595316,344
196206,0.12,-84.00042357621813,173
197667,0.12,-141.4013429932312,261
198273,0.11,-90.02759266458908,229
198753,0.1,-65.14943808252532,124
199167,0.12,-66.86964728390888,88
200502,0.11,-287.18989465214077,781
200685,0.12,-272.7995801889809,1192
201645,0.1,-4.222858624132308,3
202140,0.12,-201.25935703223234,780
202671,0.11,-21.107474636571702,18
203682,0.12,-258.6811359466934,1092
204558,0.1,-7.064137725348711,4
204882,0.11,0.0,0
205218,0.12,-3.4191288109892612,3
206652,0.12,-4.846197450486937,5
207072,0.11,-140.62241573358403,525
207609,0.1,0.0,0
208134,0.12,-15.636855219177633,17
209277,0.11,-179.5069087379389,645
209538,0.12,0.0,0
210450,0.1,0.0,0
210984,0.12,-19.741671956558996,25
211590,0.11,0.0,0
212412,0.12,-218.17777333409546,698
213381,0.1,-120.57715593697856,264
213816,0.12,-3.2955844433987833,2
213834,0.11,0.0,0
215256,0.12,-79.74065829014106,73
216036,0.11,0.0,0
216420,0.1,-94.8192913841927,149
216690,0.12,0.0,0
218199,0.12,-146.26626144106632,274
218223,0.11,-219.79733665937263,641
219327,0.1,-182.00413318295716,817
219597,0.12,0.0,0
220386,0.11,-82.0945603539949,207
221115,0.12,-276.9327880929015,1572
222249,0.1,-4.4308441087154025,6
222630,0.11,-7.049134606547033,5
222660,0.12,-68.44641257396444,100
224097,0.12,-5.278663032691807,4
224802,0.11,-10.979185107903206,4
225108,0.1,0.0,0
225675,0.12,-144.51208293686992,322
227049,0.11,-56.74733014772867,158
227157,0.12,-235.08546988132406,793
228081,0.1,0.0,0
228633,0.12,-106.62167019606278,181
229281,0.11,0.0,0
230028,0.12,-152.3490378119423,519
231033,0.1,-11.231039492529614,10
231399,0.11,-6.301473712391798,6
231582,0.12,-2.11009804296113,2
233040,0.12,-24.120704733207035,24
233580,0.11,-70.45569239470066,128
234078,0.1,0.0,0
234546,0.12,-137.30076322179983,286
235749,0.11,-21.797104405292146,17
235968,0.12,-26.323577686216037,33
237069,0.1,0.0,0
237435,0.12,-132.01280237849602,402
238050,0.11,0.0,0
238944,0.12,-15.499493432748853,16
240117,0.1,-16.754448613384806,18
240144,0.11,-88.5710002762092,175
240477,0.12,-229.25983346747833,740
241938,0.12,-30.40945623962315,39
242409,0.11,-313.22527790890956,1317
243135,0.1,-74.60209562523012,117
243423,0.12,-107.39265266392712,149
244569,0.11,-114.86863328308112,389
244863,0.12,-2.534812205562287,1
246156,0.1,-246.82303529397228,1070
246336,0.12,-12.971982493706156,9
246828,0.11,-210.71910747067182,531
247839,0.12,-236.0079537034892,959
249036,0.11,-73.20859179015854,178
249054,0.1,-3.422288219554995,8
249321,0.12,-60.18328659892574,132
250824,0.12,0.0,0
251304,0.11,-66.33063259157099,128
251928,0.1,-12.19872501104601,11
252276,0.12,-144.79670479780538,444
253434,0.11,-234.00128956508937,1005
253668,0.12,-118.09527529009826,333
254841,0.1,-55.3361409100411,84
255168,0.12,0.0,0
255627,0.11,-30.146245734338706,39
256659,0.12,-15.242200039772403,9
257823,0.1,0.0,0
257859,0.11,0.0,0
258150,0.12,0.0,0
259620,0.12,-14.640116632578813,27
260049,0.11,0.0,0
260712,0.1,-56.111612503551264,145
261066,0.12,0.0,0
262260,0.11,0.0,0
262614,0.12,-267.0453178713234,1136
263766,0.1,-88.74979417358878,210
264054,0.12,-6.168880074416464,3
264510,0.11,-96.59609919109093,217
265494,0.12,0.0,0
266634,0.1,-140.62095143424688,338
266724,0.11,0.0,0
266988,0.12,-226.57174662114593,744
268491,0.12,-23.19515989094084,23
268866,0.11,-122.63200114396554,345
269466,0.1,-4.799268939214114,4
269976,0.12,-260.9038678977209,1120
271179,0.11,-71.47142007924175,130
271413,0.12,-160.851361932258,298
272496,0.1,0.0,0
272892,0.12,-83.6920408576779,213
273423,0.11,-1.3354842877384847,2
274401,0.12,-89.9114848042204,166
275400,0.1,-127.70219817191335,287
275502,0.11,-50.091480246421135,63
275862,0.12,-212.7344507299118,651
277356,0.12,-135.37542786850722,504
277800,0.11,-92.3890483559663,250
278322,0.1,-73.31105508518014,112
278766,0.12,-212.34046910862233,902
279990,0.11,-89.14786122851659,201
280272,0.12,0.0,0
281235,0.1,0.0,0
281772,0.12,0.0,0
282210,0.11,0.0,0
283236,0.12,-139.16296844845155,322
284217,0.1,0.0,0
284517,0.11,-192.83106616900028,488
284745,0.12,-46.3076508523345,44
286239,0.12,-132.93490563506427,353
286722,0.11,-290.48793386958937,1579
287043,0.1,-17.321647442810622,12
287721,0.12,-121.16214601464078,287
288840,0.11,-3.48347681085319,2
289209,0.12,-140.50928034822954,368
289965,0.1,-94.4668762403217,266
290625,0.12,-189.90824856916296,531
291048,0.11,-1.0036546414775986,1
292125,0.12,-114.09717629060492,406
292788,0.1,-73.26521322773931,130
293334,0.11,-146.92021068103548,423
293565,0.12,-73.33551944593744,126
295122,0.12,-205.32412378292136,740
295551,0.11,-64.27772832788578,77
295773,0.1,0.0,0
296655,0.12,-213.11998590081294,655
297774,0.11,-11.773418752005208,9
298110,0.12,-3.748639931749957,5
298728,0.1,-3.5395588309635726,2
299538,0.12,-74.27626641162627,109
300027,0.11,-367.99478618156115,1319
301020,0.12,-208.7402563194805,906
301719,0.1,-70.57431668470296,139
302133,0.11,-129.25075979310708,322
302559,0.12,-64.45493086029329,121
304059,0.12,-16.990541546500022,15
304437,0.11,-224.1415468658318,851
304665,0.1,-4.849617329226577,6
305547,0.12,-63.232111798925416,114
306582,0.11,0.0,0
307092,0.12,-297.4056871529155,1995
307512,0.1,0.0,0
308526,0.12,-39.640272843364684,76
308709,0.11,0.0,0
309990,0.12,-74.62762768241222,148
310359,0.1,-7.354349417512808,11
310911,0.11,-70.023369830625,131
311535,0.12,-16.77332040731791,13
312933,0.12,-54.89489653706074,103
313098,0.11,0.0,0
313239,0.1,-3.2513683137699276,2
314382,0.12,-3.253886993245268,3
315228,0.11,0.0,0
315888,0.12,-116.63802997589556,371
316254,0.1,-5.140180449578621,2
317349,0.11,-283.83436889777033,937
317397,0.12,-3.2873779138749093,3
318903,0.12,-33.981214666141774,43
319116,0.1,-69.27556703930037,148
319455,0.11,-3.7625728943422265,3
320403,0.12,-41.07543632032916,75
321639,0.11,-17.785134520156667,16
321882,0.12,-132.92896802681858,224
322113,0.1,-240.80552089239208,952
323343,0.12,-60.97170146161079,109
323811,0.11,0.0,0
324810,0.12,0.0,0
325011,0.1,-126.54844768786465,316
325992,0.11,-100.14360630199393,122
326250,0.12,0.0,0
327705,0.12,0.0,0
327921,0.1,-18.47620938320139,32
328209,0.11,0.0,0
329175,0.12,-33.9630874097543,32
330480,0.11,-396.95289561775,1754
330651,0.12,-168.80691799319627,456
330888,0.1,-55.31186782560963,80
332085,0.12,-211.4385958066314,723
332769,0.11,0.0,0
333612,0.12,-117.16763107900417,281
333855,0.1,-23.355458646499272,15
334977,0.11,-26.13772303826312,36
335079,0.12,0.0,0
336600,0.12,-254.89691715447708,923
336732,0.1,-94.07315932419654,144
337239,0.11,-151.2073851870714,676
338028,0.12,-1.003778174046147,1
339447,0.11,-312.28820861635035,936
339531,0.12,-50.762940979402934,76
339693,0.1,-53.42485899332971,81
340980,0.12,-20.81246162382506,9
341802,0.11,-181.92513172179684,432
342387,0.12,-3.506051861779667,6
342678,0.1,-3.767348691636175,1
343818,0.12,-79.10028182553792,107
344058,0.11,-151.3981715800442,405
345342,0.12,-149.6044066878173,300
345603,0.1,0.0,0
346278,0.11,0.0,0
346845,0.12,-259.6652080743749,1010
348285,0.12,-212.32190267548546,628
348450,0.11,-3.4387426013671005,3
348633,0.1,0.0,0
349755,0.12,0.0,0
350640,0.11,-33.67802351579225,38
351198,0.12,-46.33229679234984,98
351669,0.1,-81.01268563554187,245
352653,0.12,-83.39044814455987,156
352890,0.11,-63.864667630417294,50
354114,0.12,-141.44675661334486,315
354546,0.1,0.0,0
355161,0.11,-127.1965204014511,326
355551,0.12,-190.93407748785754,647
356946,0.12,-24.992973455549244,43
357420,0.1,-82.31360988575928,187
357453,0.11,-10.46634903573976,8
358401,0.12,-147.82673382248032,212
359679,0.11,-131.7047619016115,324
359922,0.12,-238.53713636236404,937
360423,0.1,-6.630525749590625,5
361386,0.12,-85.11677296745647,160
361932,0.11,0.0,0
362856,0.12,-114.98860213140371,250
363324,0.1,0.0,0
364146,0.11,0.0,0
364308,0.12,-251.1700216340995,1564
365775,0.12,-14.114052622992487,12
366258,0.1,0.0,0
366378,0.11,-3.2640231566911213,8
367260,0.12,-129.01911993678712,233
368604,0.11,0.0,0
368793,0.12,-241.29640238124628,803
369306,0.1,-216.56050473517413,548
370176,0.12,-158.96448330604466,379
370734,0.11,-143.07759205685727,552
371721,0.12,-269.72786727597804,1546
372321,0.1,-88.77970668932582,196
372951,0.11,-46.733741876029875,77
373188,0.12,-5.359872275120403,3
374703,0.12,-103.51155752420702,227
375114,0.11,-3.44362895966934,1
375246,0.1,0.0,0
376113,0.12,-150.713353461022,496
377283,0.11,-55.35991580290124,61
377607,0.12,-222.49135150144622,913
378198,0.1,-74.2044855415241,131
379131,0.12,-8.040621554996132,7
379473,0.11,-42.27671967515765,72
380604,0.12,-202.6216254755055,531
381069,0.1,-189.38574691809765,700
381660,0.11,0.0,0
382128,0.12,-263.25581421052254,1126
383667,0.12,-161.23753518527027,403
383853,0.11,-1.353288494297928,3
383919,0.1,0.0,0
385038,0.12,-160.59107626807423,417
386088,0.11,0.0,0
386472,0.12,-256.5955013703004,1509
386982,0.1,-8.084060933889257,3
388011,0.12,-65.74606723162263,79
388344,0.11,-63.44998477996416,66
389469,0.12,-5.534890258897689,5
389940,0.1,-131.0333759143085,234
390519,0.11,0.0,0
390990,0.12,-147.95410428188765,320
392397,0.12,-99.42782677991786,168
392808,0.11,-225.2161418913591,923
392913,0.1,0.0,0
393879,0.12,-230.78217537273412,899
395031,0.11,-2.483257853643136,1
395400,0.12,-177.58639496015635,401
395817,0.1,-3.360664130817225,2
396894,0.12,-22.27114273499866,28
397248,0.11,0.0,0
398385,0.12,-272.6459797305499,1680
398670,0.1,-145.20323592112334,474
399456,0.11,-190.24161303122392,471
399879,0.12,0.0,0
401274,0.12,-221.22386873851713,1017
401475,0.1,-115.57502054519333,265
401604,0.11,-65.79960220489305,73
402708,0.12,-106.850018450445,140
403689,0.11,-196.1073701986914,576
404160,0.12,-198.24467504880252,524
404469,0.1,-162.83822128737472,547
405588,0.12,-2.246540148175018,2
405942,0.11,-97.90431695518788,140
407052,0.12,-164.45695545925815,398
407424,0.1,0.0,0
408153,0.11,-31.273239277427443,29
408471,0.12,-74.15642794233712,115
409986,0.12,0.0,0
410310,0.1,0.0,0
410358,0.11,-1.3599845088295142,3
411453,0.12,-197.9403194523656,539
412503,0.11,-122.20109541085493,226
412935,0.12,-203.345290487086,684
413196,0.1,-3.3202254121748638,1
414387,0.12,-33.84566158969263,66
414639,0.11,-114.51357607006433,465
415908,0.12,-27.62884124889357,46
416133,0.1,-1.5877544898668356,2
416919,0.11,-242.47019553746668,892
417384,0.12,-3.676036028798559,7
418857,0.12,-219.34200878705764,825
419031,0.1,0.0,0
419109,0.11,0.0,0
420273,0.12,-163.3359729871108,489
421275,0.11,0.0,0
421803,0.12,0.0,0
421929,0.1,-160.17473066835527,364
423213,0.12,-66.512343776266,97
423513,0.11,-15.42328050280278,16
424698,0.12,-226.1027392512187,628
424821,0.1,-43.731784917166785,53
425661,0.11,-76.8922608646715,133
426165,0.12,-153.01515961103786,427
427653,0.12,-79.49733513646704,170
427779,0.1,-12.309107065566096,17
427923,0.11,-71.7527156711157,147
429225,0.12,-165.18618289045548,415
430074,0.11,-67.08624228346781,103
430674,0.1,-4.090457568929751,3
430692,0.12,-7.621106132539022,16
432144,0.12,0.0,0
432267,0.11,-46.12320538672694,49
433563,0.12,-72.83213613595822,137
433593,0.1,-68.16475811114067,95
434421,0.11,-174.4635011495294,391
435021,0.12,-109.77956915410789,203
436509,0.12,-137.92181805244257,637
436605,0.1,0.0,0
436671,0.11,-96.92788920268303,279
438042,0.12,0.0,0
438738,0.11,-51.92552385746099,49
439560,0.12,0.0,0
439617,0.1,-206.2632924857601,453
440931,0.11,-103.47773773730307,237
441084,0.12,-47.0470481960714,72
442563,0.12,-1.0331176636037827,1
442683,0.1,0.0,0
443223,0.11,-206.3291460816219,414
444021,0.12,-255.671963073975,1254
445449,0.11,0.0,0
445572,0.12,-214.71198663876066,545
445677,0.1,-0.9168093473698877,2
446973,0.12,0.0,0
447663,0.11,-5.862081882272537,4
448422,0.12,-109.55497677252987,203
448590,0.1,-225.72156076499394,809
449856,0.12,-92.3576114260014,147
449922,0.11,-180.7934704686542,770
451371,0.12,-68.09572463006789,133
451539,0.1,-98.52797186819024,132
452175,0.11,-4.419883337339259,1
452772,0.12,-28.977319313360756,34
454215,0.12,0.0,0
454494,0.11,-19.732751415825177,25
454557,0.1,-78.85914444692668,113
455643,0.12,-81.29309710419703,101
456684,0.11,-68.11541001293368,92
457104,0.12,-78.9300235937715,170
457464,0.1,-149.7593534052003,499
458559,0.12,0.0,0
458928,0.11,-295.258432084687,1503
460071,0.12,-45.81482720418936,60
460407,0.1,0.0,0
461100,0.11,-0.832833789409109,1
461550,0.12,-166.78919625092954,575
463023,0.12,0.0,0
463275,0.11,-42.305646059266,60
463356,0.1,0.0,0
464514,0.12,0.0,0
465492,0.11,-11.67982942724797,10
466017,0.12,-46.535863465613225,53
466338,0.1,0.0,0
467544,0.12,-1.7811660544570944,1
467628,0.11,-22.33412160377902,27
469011,0.12,-126.54968912842857,275
469389,0.1,-9.535545319154513,17
469809,0.11,0.0,0
470475,0.12,-3.490649258449695,5
471957,0.12,-232.57056300360213,1016
472014,0.11,-56.36775721761738,97
472401,0.1,-48.206532138693646,104
473451,0.12,-207.40333007888722,585
474171,0.11,0.0,0
474897,0.12,-64.83498629523176,85
475416,0.1,-9.487261170373866,16
476322,0.11,-23.154746278911052,35
476343,0.12,-232.01370454116662,810
477819,0.12,-3.169554866949629,6
478395,0.1,-81.6393143782319,248
478614,0.11,-39.292897318292326,104
479277,0.12,-8.703814478481942,9
480726,0.12,-113.55313793469017,190
480834,0.11,-116.70206483764916,231
481377,0.1,-59.536873418133474,86
482247,0.12,-64.31527373083824,65
483009,0.11,-10.757260099125196,11
483705,0.12,0.0,0
484326,0.1,-1.709201926574159,2
485157,0.12,-177.10934710776746,578
485178,0.11,0.0,0
486633,0.12,-191.01537323183456,481
487260,0.1,0.0,0
487302,0.11,0.0,0
488142,0.12,-235.0721679475301,804
489567,0.11,-13.192075342552926,33
489708,0.12,-61.52478134076732,99
490140,0.1,0.0,0
491193,0.12,-78.51199237451662,197
491862,0.11,-21.165564535234044,13
492648,0.12,-198.50567868134124,487
492948,0.1,-98.37577780005911,227
494031,0.11,-139.78975618680505,286
494187,0.12,-40.451590633979116,35
495660,0.12,-61.65477847034247,115
495981,0.1,-15.105362052780038,26
496152,0.11,-152.71098998354327,539
497055,0.12,0.0,0
498336,0.11,-53.91090708692352,59
498531,0.12,0.0,0
498924,0.1,0.0,0
499860,0.12,0.0,0
500499,0.11,-2.6387536272871013,3
501333,0.12,0.0,0
501774,0.1,-56.92025337049125,86
502734,0.11,-341.6851757380859,1319
502749,0.12,-96.01440470378398,215
504204,0.12,-207.79497015777505,728
504756,0.1,-43.117914484149715,54
504906,0.11,-4.330421047256493,5
505737,0.12,-0.8660635789406163,1
507135,0.11,-10.003302965188238,7
507201,0.12,-76.90816656378,230
507738,0.1,-47.22081338182247,78
508668,0.12,-48.83527511611782,48
509358,0.11,-92.78574106558948,112
510204,0.12,-156.11977094183598,729
510699,0.1,-5.638342947416504,7
511512,0.11,-2.5086085220320538,5
511716,0.12,-212.2669927283334,685
513126,0.12,-56.54256136161513,68
513603,0.1,0.0,0
513621,0.11,-3.6095759439132293,4
514545,0.12,-227.58228141561887,1030
515811,0.11,-51.78046071443197,87
516078,0.12,-54.21572545450739,38
516525,0.1,-23.51300548990829,22
517506,0.12,-169.09973719668378,477
517971,0.11,-122.67544425539525,256
518946,0.12,-26.134724622678146,23
519468,0.1,0.0,0
520209,0.11,-170.70100473545352,380
520434,0.12,-75.81915374259786,147
521814,0.12,-67.89597158131187,80
522390,0.11,0.0,0
522465,0.1,-133.4852603571778,366
523218,0.12,-72.84646176834597,117
524568,0.11,-57.51055418909494,74
524757,0.12,-17.319223078900794,21
525360,0.1,0.0,0
526188,0.12,-220.39255224151745,858
526881,0.11,-92.12042926304312,154
527673,0.12,-47.38943669115116,50
528390,0.1,-1.1591291282323355,2
529125,0.11,-136.56820594111667,248
529182,0.12,-135.87236569541344,399
530598,0.12,-1.1707087261407652,2
531282,0.1,-71.40009401814946,175
531315,0.11,-190.09550908920525,516
532041,0.12,0.0,0
533514,0.11,-11.479448267546864,8
533532,0.12,-0.6842253580862422,1
534144,0.1,-3.9425850980304977,3
535014,0.12,-137.17042854045417,372
535773,0.11,-154.61312897396311,248
536499,0.12,-97.45887166040112,177
537015,0.1,-103.9947579452584,235
537906,0.11,-150.2954209297899,461
537969,0.12,-209.37172944284637,669
539361,0.12,-32.59053233488931,37
539997,0.1,-58.07739424788255,86
540180,0.11,-84.88168854831561,178
540849,0.12,-38.37214072674128,56
542259,0.12,-68.09219808532988,123
542331,0.11,-38.46858183982891,62
542982,0.1,0.0,0
543732,0.12,-3.70020504734602,5
544506,0.11,-231.47376467920782,1018
545235,0.12,-274.12781200659816,1358
545952,0.1,0.0,0
546639,0.12,-18.191114550902228,13
546708,0.11,-2.5256159520272137,2
548112,0.12,-288.80409065000856,2041
548925,0.11,-22.938907002445294,22
548925,0.1,-48.34712381577543,79
549657,0.12,-59.95806324108648,134
551085,0.11,-175.8370496556662,469
551151,0.12,-175.17733807040403,884
551814,0.1,-149.07122385829686,406
552543,0.12,0.0,0
553245,0.11,-96.30375613071593,155
554019,0.12,0.0,0
554763,0.1,-202.53627284646737,678
555390,0.11,-171.60714347196603,654
555492,0.12,-87.6182569446925,228
556917,0.12,-42.90678422317123,48
557574,0.1,0.0,0
557640,0.11,-8.519534226750675,16
558435,0.12,-49.962572629074295,70
559863,0.11,-25.02188604525423,30
559920,0.12,-152.72252175385037,635
560424,0.1,0.0,0
561345,0.12,-217.77308287218455,972
562065,0.11,-57.97666936288716,93
562848,0.12,-192.11152598501434,621
563448,0.1,-66.8215142298357,125
564288,0.11,-149.06880636057736,521
564342,0.12,0.0,0
565824,0.12,-24.417631913060852,34
566409,0.1,-95.8699090389079,213
566436,0.11,0.0,0
567354,0.12,-173.2341406572659,541
568482,0.11,-44.44389460050536,59
568758,0.12,-21.044511769726277,13
569265,0.1,-3.1212329638431706,3
570213,0.12,-212.56530841928728,569
570651,0.11,-164.92972952548425,555
571662,0.12,-37.854236656964005,47
572052,0.1,-10.495829372065433,14
572823,0.11,-63.0705908307061,77
573180,0.12,-94.15749521604964,148
574620,0.12,0.0,0
574998,0.1,-17.420482816718728,20
575025,0.11,-151.5003176935557,399
576078,0.12,-96.8239171865826,232
577278,0.11,-335.3840178531892,2187
577566,0.12,-87.39881039351015,112
577914,0.1,-16.856039519898626,21
579024,0.12,0.0,0
579525,0.11,-16.876273485033373,15
580485,0.12,0.0,0
580905,0.1,-79.27651598271258,131
581775,0.11,-38.761519286240855,40
581943,0.12,-41.09560798866536,39
583452,0.12,-35.4520557519947,51
583692,0.1,-9.28191188930283,17
584016,0.11,-175.51337654257483,529
584934,0.12,-208.90548201597525,736
586176,0.11,-18.988408254247204,23
586422,0.12,-34.00727060337783,31
586620,0.1,-75.8940736393082,106
587895,0.12,-70.06399972031224,85
588429,0.11,-389.9455704127317,1895
589347,0.12,-23.863199547489316,18
589632,0.1,-52.01993295968355,91
590583,0.11,-36.64426692599086,36
590775,0.12,-206.61809175228584,675
592296,0.12,-132.4864943515735,323
592587,0.1,0.0,0
592821,0.11,-5.236167572209477,10
593790,0.12,-0.7587148118086219,1
594999,0.11,-155.90432512854255,345
595260,0.12,-64.82331566086279,113
595554,0.1,-2.0392120056677117,5
596754,0.12,0.0,0
597159,0.11,-0.9335440268109955,1
598185,0.12,-155.75309690453764,788
598497,0.1,-155.34311774556926,645
599235,0.11,-203.44013515614301,577
599610,0.12,-114.37257985724118,191
601125,0.12,-38.047209268943185,36
601434,0.1,-3.4116060803149613,8
601482,0.11,-219.2230834528055,478
602562,0.12,-80.56976891900361,142
603687,0.11,-80.70428141097742,166
603972,0.12,-91.13003299103619,191
604440,0.1,0.0,0
605445,0.12,0.0,0
605904,0.11,0.0,0
606975,0.12,-51.71295202726779,79
607407,0.1,-13.073676270844482,19
608112,0.11,-98.64963576589774,234
608520,0.12,-143.2987375937264,348
609975,0.12,0.0,0
610251,0.11,-2.5188002190128342,3
610377,0.1,-275.80242123651834,715
611409,0.12,-17.680682969896374,12
612441,0.11,0.0,0
612867,0.12,-81.72674374489523,172
613377,0.1,-3.2554073584994967,3
614322,0.12,-142.25179121668393,312
614673,0.11,-138.12901938601027,302
615768,0.12,-69.44381237711924,173
616239,0.1,-26.2061546605526,36
616974,0.11,-354.2440532878512,1371
617241,0.12,-79.60808805420663,171
618648,0.12,0.0,0
619158,0.1,0.0,0
619215,0.11,-57.2351293948833,71
620076,0.12,-2.42853375606077,2
621519,0.11,-28.58233084033755,41
621552,0.12,-6.032663273860253,4
622032,0.1,-60.17556506616174,142
623109,0.12,-235.60808720910757,623
623748,0.11,-1.9920787358500813,1
624564,0.12,-47.28738967766574,48
624894,0.1,0.0,0
625857,0.11,-99.5789709419041,123
626019,0.12,0.0,0
627423,0.12,-160.80207655917178,439
627762,0.1,-72.62924613644186,107
628050,0.11,-39.248312182873775,53
628950,0.12,-245.43877591409483,970
630339,0.11,0.0,0
630402,0.12,-39.79575901193817,55
630639,0.1,-0.9565827063396515,1
631878,0.12,-213.54890389900936,610
632496,0.11,-5.688617845048182,8
633324,0.12,-73.98910497118649,132
633639,0.1,0.0,0
634677,0.11,-65.59929106052319,82
634818,0.12,-47.7150660554015,119
636330,0.12,-197.88463368965114,492
636678,0.1,0.0,0
636798,0.11,-59.791220633432026,95
637821,0.12,-14.884347384739819,14
639060,0.11,-23.101851715289694,12
639270,0.12,-45.105682071198316,61
639654,0.1,-74.8807938165854,144
640761,0.12,0.0,0
641226,0.11,-62.733063083611064,93
642168,0.12,-60.21391372864288,94
642594,0.1,-21.540790208841514,19
643425,0.11,-4.490043138440918,7
643674,0.12,-3.019045723413217,5
645150,0.12,-1.8148672530078682,5
645480,0.1,0.0,0
645639,0.11,-4.8648569458811854,7
646677,0.12,-258.34800773222764,1163
647832,0.11,-63.39981859949457,56
648186,0.12,-199.37192945110178,537
648285,0.1,0.0,0
649596,0.12,-63.799481846510986,117
650016,0.11,-2.415896440827008,3
651054,0.12,-16.407984494407305,19
651183,0.1,0.0,0
652263,0.11,-123.57652870515527,444
652524,0.12,-97.61786449392196,196
654021,0.12,0.0,0
654159,0.1,-19.097640466949624,21
654516,0.11,0.0,0
655440,0.12,-41.01479789397916,39
656697,0.11,0.0,0
656970,0.12,-35.42222216947594,58
657036,0.1,0.0,0
658347,0.12,-4.954895698758061,10
659028,0.11,0.0,0
659877,0.12,0.0,0
659949,0.1,-122.59243353997044,324
661185,0.11,0.0,0
661368,0.12,-222.95326256724832,835
662769,0.12,-125.08253946718685,392
662853,0.1,-3.264123291507966,4
663429,0.11,-295.69233230637207,1254
664233,0.12,-99.19909404474588,202
665691,0.11,-166.20460514187943,356
665706,0.1,0.0,0
665733,0.12,-250.7821847427994,910
667257,0.12,-105.36470231879319,172
667854,0.11,-117.26325095710189,234
668628,0.1,-88.04224124073363,120
668742,0.12,-18.889273134208874,19
670089,0.11,-142.39377657398788,266
670182,0.12,-218.515146857869,860
671577,0.1,0.0,0
671661,0.12,-235.54923829016184,810
672393,0.11,-90.99356120288091,154
673146,0.12,0.0,0
674514,0.1,-6.609447732809468,10
674523,0.12,-36.64348945298447,58
674667,0.11,-20.818210360360187,37
675993,0.12,-75.94213954645008,113
676803,0.11,0.0,0
677436,0.12,-167.5825681231129,708
677478,0.1,-36.19540498095526,42
678930,0.12,-216.48852911242395,774
679080,0.11,0.0,0
680352,0.1,-1.0571696430416053,1
680376,0.12,-39.08182653471942,46
681318,0.11,-121.45154879165831,287
681909,0.12,-296.72092895719607,1778
683217,0.1,0.0,0
683463,0.12,-4.190632133539955,4
683559,0.11,-57.36012847265862,74
684870,0.12,-6.508182539585951,6
685770,0.11,0.0,0
686115,0.1,0.0,0
686289,0.12,-82.48369454995684,170
687762,0.12,-20.31749836147418,14
688041,0.11,-59.04159364382792,83
689043,0.1,-65.18941796757113,99
689229,0.12,-259.3622586717364,1231
690219,0.11,-80.36115361977924,110
690684,0.12,-8.536797850421467,3
692049,0.1,-52.56191377628507,76
692118,0.12,-165.10400672054897,413
692424,0.11,-6.793048831875257,3
693594,0.12,-154.2066294058521,351
694701,0.11,0.0,0
694989,0.1,0.0,0
695034,0.12,-149.96935875245293,495
696519,0.12,-104.87616181627148,187
696897,0.11,-9.908028531940584,6
697875,0.1,-2.3408982064571022,5
698028,0.12,-205.56537236126468,732
699084,0.11,-56.21454607069458,68
699552,0.12,-226.7812780311652,737
700869,0.1,-77.7034316158552,120
701082,0.12,0.0,0
701355,0.11,-84.80323997491588,127
702591,0.12,-37.25790530715465,37
703590,0.11,-110.16834147670761,422
703815,0.1,-47.765417935628854,46
704073,0.12,-2.3701802383214092,1
705498,0.12,-120.09729237898885,349
705852,0.11,-204.7709699161757,714
706677,0.1,-49.3434515994984,56
706959,0.12,-99.21014689478974,211
708033,0.11,-68.43239233367372,73
708438,0.12,0.0,0
709650,0.1,-14.27466330732459,17
709944,0.12,-234.56986404832602,714
710199,0.11,-33.578214845154505,46
711384,0.12,0.0,0
712425,0.11,-267.2396942936763,839
712701,0.1,-64.35939202458212,134
712815,0.12,-183.966325820533,523
714333,0.12,-89.43936805041363,143
714687,0.11,-2.536571637578603,2
715569,0.1,-68.81043204289506,125
715746,0.12,-127.34257755458579,277
716856,0.11,0.0,0
717249,0.12,-3.9864822702251868,7
718554,0.1,-65.00080479718996,115
718773,0.12,-81.86502483412929,129
718995,0.11,0.0,0
720258,0.12,-188.2698176560186,356
721209,0.11,-47.66235443436981,68
721620,0.1,-80.51260900353142,181
721719,0.12,0.0,0
723090,0.12,0.0,0
723354,0.11,0.0,0
724542,0.12,-1.9488328804280461,4
724596,0.1,-201.3244952775843,819
725529,0.11,-161.0089797933128,558
726057,0.12,-65.45224001958157,94
727497,0.12,-258.41624365732235,1579
727509,0.1,-15.227726963972426,18
727785,0.11,-219.53317663718252,478
728916,0.12,-16.168693897861427,23
730083,0.11,-352.6418860502373,928
730353,0.12,-111.10006014166055,291
730500,0.1,-11.757890090720775,24
731847,0.12,-161.8768827783024,480
732426,0.11,-91.00469217279566,209
733410,0.1,-65.14884098922201,124
733416,0.12,-0.9222173505437945,1
734610,0.11,-81.2675160724799,284
734802,0.12,-97.51784865673918,164
736302,0.12,0.0,0
736341,0.1,-2.2836584419451946,4
736764,0.11,-81.66751330700241,141
737787,0.12,-63.550888258217945,111
738915,0.11,-5.138402684135558,8
739221,0.1,-132.58065529819655,442
739248,0.12,-19.336396578083377,31
740658,0.12,-161.34360175490855,481
741171,0.11,-70.02201234506347,157
742167,0.12,-4.300241607161302,4
742251,0.1,-19.101744032745923,16
743397,0.11,-3.6205479109249845,7
743622,0.12,-20.46972832151809,30
745056,0.12,-218.8213262078307,765
745158,0.1,-0.6738267341567834,1
745653,0.11,-19.770451026487326,13
746601,0.12,-51.49361226933865,60
747774,0.11,-3.1990361362196102,2
748110,0.12,-62.23464333542306,100
748158,0.1,-84.40801138326087,167
749574,0.12,-59.59074077051284,106
749994,0.11,0.0,0
750990,0.12,-60.8665922416881,112
751059,0.1,-99.62216522334828,213
752136,0.11,-75.37665850924981,88
752445,0.12,-67.93506316953821,145
753846,0.1,0.0,0
753909,0.12,-158.31769031331655,359
754386,0.11,-156.76499585233336,372
755421,0.12,-122.98714654595838,234
756579,0.11,-11.695213553521302,10
756741,0.1,-8.890059240666314,9
756861,0.12,-1.0008217073466208,1
758313,0.12,-207.1611852621194,884
758787,0.11,-54.87168530429847,84
759651,0.1,-84.82345420315977,209
759768,0.12,-109.69974913214412,208
761055,0.11,-21.626711710060107,40
761262,0.12,0.0,0
762492,0.1,0.0,0
762699,0.12,-98.57909935836743,269
763233,0.11,-135.58808884718187,590
764154,0.12,-116.38840741130272,356
765411,0.11,-146.33266119570524,369
765483,0.1,-144.83570339474278,458
765594,0.12,-81.28463240998148,185
767037,0.12,-1.1454736906907046,1
767643,0.11,-26.684646779326464,30
768396,0.1,-304.7226895985189,1476
768531,0.12,-31.46056669784899,30
769764,0.11,-174.32951307069683,576
770013,0.12,-158.18537383512063,350
771366,0.12,-1.1910454778940653,2
771420,0.1,-23.905977030831924,30
771993,0.11,-37.45622022257104,55
772848,0.12,-1.9335893345879616,2
774111,0.11,-95.48570792038716,194
774282,0.12,-36.19462533019603,39
774438,0.1,-0.6205270496036548,1
775764,0.12,-89.4059245665253,184
776262,0.11,-16.069520548154557,19
777252,0.12,-152.9878229006969,530
777369,0.1,-10.52350808053915,16
778554,0.11,-86.28189771282545,243
778698,0.12,0.0,0
780195,0.12,-39.554445643707936,50
780246,0.1,-5.999531876349446,10
780693,0.11,-5.210241299623045,8
781614,0.12,-76.53180855740447,184
782805,0.11,0.0,0
783120,0.12,-280.87058380254217,1729
783150,0.1,-148.00137508510116,474
784605,0.12,0.0,0
784938,0.11,0.0,0
786057,0.1,0.0,0
786060,0.12,-33.278038261373645,28
787053,0.11,-10.457964316244333,14
787530,0.12,-6.531329157752502,4
788991,0.1,0.0,0
789045,0.12,0.0,0
789240,0.11,-3.7986638111965103,7
790509,0.12,-151.6622997037719,411
791490,0.11,-124.66633256202941,272
791877,0.12,-67.00716047052805,99
791943,0.1,-87.44931283969154,146
793371,0.12,-91.5435230703705,244
793581,0.11,0.0,0
794820,0.1,0.0,0
794823,0.12,-225.01092248440492,821
795849,0.11,0.0,0
796281,0.12,0.0,0
797679,0.1,-100.05775139249847,154
797739,0.12,-56.75099246095211,106
798153,0.11,0.0,0
799182,0.12,-75.14987838957042,140
800283,0.11,-1.9413087841139294,2
800700,0.1,-29.71367218938224,52
800718,0.12,-4.101630729621301,6
802203,0.12,0.0,0
802524,0.11,-4.819451246700662,3
803718,0.12,-61.31139241536161,82
803748,0.1,-79.08887172951326,168
804732,0.11,-127.23082554717067,438
805224,0.12,-112.62509425029626,266
806670,0.12,-133.5622488033488,358
806727,0.1,0.0,0
806934,0.11,-102.12293108885599,165
808155,0.12,-159.21570307957074,514
809169,0.11,-4.088658449376208,9
809610,0.1,-30.936146878778978,55
809688,0.12,-6.579034046867196,9
811095,0.12,-4.2537759709675385,4
811374,0.11,-78.8094607388613,190
812559,0.1,0.0,0
812598,0.12,-172.32587247998137,376
813681,0.11,0.0,0
814068,0.12,-190.5687157418571,551
815496,0.1,0.0,0
815571,0.12,-154.71410488564038,410
815754,0.11,-175.04860677559967,599
817029,0.12,-24.835517233257313,26
817911,0.11,-12.289704619983736,11
818385,0.1,-23.05841331277271,14
818466,0.12,0.0,0
819933,0.12,-245.90474899874488,899
820131,0.11,-463.72203880109055,3427
821436,0.12,0.0,0
821439,0.1,-112.31682320658204,251
822423,0.11,-0.7015563979686733,1
822909,0.12,-85.21584329992817,180
824322,0.12,-3.242221593426672,1
824373,0.1,0.0,0
824547,0.11,-147.43617754115323,603
825840,0.12,0.0,0
826719,0.11,-5.566180287692918,3
827283,0.12,0.0,0
827343,0.1,0.0,0
828750,0.12,-200.14920099932093,757
828936,0.11,0.0,0
830133,0.12,-127.51949462044742,223
830295,0.1,0.0,0
831162,0.11,-207.00755418681305,861
831570,0.12,-103.14210082073376,127
833082,0.12,-9.38872351309652,8
833226,0.1,-48.76472592567187,47
833352,0.11,0.0,0
834516,0.12,-1.5208551255664355,3
835503,0.11,-11.99671207735468,19
835989,0.12,-274.28727505802806,1531
836193,0.1,-87.21328929114247,163
837444,0.12,-101.21306007352315,320
837711,0.11,-144.44686309800582,285
838977,0.12,-191.2128265566449,970
839166,0.1,0.0,0
839802,0.11,-154.94987041345772,389
840411,0.12,-54.750617895917735,72
841950,0.12,-229.6580241236267,712
842058,0.11,-139.0927590432662,269
842124,0.1,-6.624747472048494,5
843507,0.12,-67.79841739709784,147
844335,0.11,-44.83038818864842,56
844986,0.12,-2.7835265528602573,8
845001,0.1,0.0,0
846456,0.12,0.0,0
846558,0.11,-43.71561770562547,53
847815,0.1,-1.7978363395695265,3
847956,0.12,-6.207746471294826,6
848880,0.11,-81.89423290192968,227
849489,0.12,-70.53332947426267,160
850776,0.1,-4.687107892170759,7
850890,0.12,0.0,0
851094,0.11,0.0,0
852312,0.12,-21.591903973424188,21
853326,0.11,-182.8419653287604,423
853773,0.12,-5.577659898569007,5
853800,0.1,0.0,0
855231,0.12,-54.46455718529537,73
855594,0.11,-9.66379878220752,21
856659,0.1,-1.8468989935793958,2
856764,0.12,-73.19426428274836,131
857847,0.11,-108.35134891651589,239
858222,0.12,-0.7858996449912294,1
859575,0.1,0.0,0
859671,0.12,-107.99405272808848,198
860034,0.11,0.0,0
861243,0.12,-282.51262975081426,1338
862191,0.11,-77.35351643313334,174
862554,0.1,-1.0822863003219014,1
862632,0.12,0.0,0
864153,0.12,-98.68948749258523,135
864459,0.11,-3.0910379926130664,4
865605,0.12,0.0,0
865620,0.1,-13.987086582523094,11
866721,0.11,0.0,0
867063,0.12,-231.11839372228573,848
868551,0.1,-111.67551649966941,415
868587,0.12,-19.52560838098282,18
868974,0.11,-3.774693402764245,3
870069,0.12,-92.54888468390908,152
871281,0.11,-5.883987824690826,7
871515,0.1,0.0,0
871605,0.12,-193.6337673416961,651
873063,0.12,-35.01765749267564,54
873468,0.11,-33.676107253623314,52
874416,0.1,0.0,0
874509,0.12,-18.696963323526564,26
875601,0.11,-54.30096292463306,71
875973,0.12,-53.40262358573484,56
877428,0.1,0.0,0
877479,0.12,-64.97325020093534,71
877803,0.11,-53.751402768318385,70
878967,0.12,-1.1123613872893494,1
880014,0.11,-6.5809592745173635,9
880389,0.1,0.0,0
880464,0.12,0.0,0
881922,0.12,0.0,0
882186,0.11,-39.688107270971976,61
883344,0.1,-174.82586776372665,435
883407,0.12,-89.41151436883064,193
884352,0.11,-124.01496917116474,166
884898,0.12,-210.1970731215148,603
886224,0.1,-15.120878997495842,24
886353,0.12,-13.285440499255838,8
886536,0.11,-185.42678613270542,452
887817,0.12,-106.52390284638317,217
888798,0.11,-11.270166197523638,9
889122,0.1,-25.628385111622638,27
889275,0.12,-42.886952519269215,45
890760,0.12,-114.36841296777926,257
891027,0.11,-105.43865740280106,188
891999,0.1,-22.37703870268151,24
892251,0.12,-246.55931346755713,1063
893229,0.11,0.0,0
893685,0.12,-111.14781332129382,225
895110,0.1,-43.16784679797444,46
895134,0.12,-19.104049799739485,13
895422,0.11,-176.74788659125372,426
896547,0.12,-17.68222809833084,18
897645,0.11,-70.73382589579677,135
898020,0.12,-207.17748523495322,486
898164,0.1,-34.46284679359071,41
899490,0.12,-59.42599790667961,72
899955,0.11,-0.7116879617650682,1
900912,0.12,-51.15484765832377,81
901164,0.1,0.0,0
902145,0.11,-5.697230611168079,13
902334,0.12,-26.319659217842677,34
903864,0.12,-101.0664781107887,240
904203,0.1,-2.7020020254128534,7
904383,0.11,-112.16221411432386,233
905361,0.12,-18.74985829829908,8
906618,0.11,-10.004369775240464,6
906897,0.12,-2.4185937039441003,4
907257,0.1,-39.78711327450895,48
908310,0.12,-34.40940285069662,48
908871,0.11,-6.583361331272246,10
909756,0.12,0.0,0
910296,0.1,-30.134954361329164,26
911139,0.11,-39.38186970580118,58
911271,0.12,-2.5120366956188382,3
912702,0.12,-13.388484222933407,11
913224,0.1,0.0,0
913353,0.11,-3.3907129892438306,3
914151,0.12,-24.562656573248365,26
915522,0.11,0.0,0
915654,0.12,-6.278875799679173,11
916218,0.1,-31.142862225403217,42
917109,0.12,-27.738197241617936,34
917745,0.11,-30.18333180387902,41
918531,0.12,-221.8555506364044,765
919131,0.1,-76.765637030594,120
919977,0.11,-0.9232246376477422,1
920043,0.12,-3.857343220025699,2
921546,0.12,-277.3406022209798,1804
922110,0.1,0.0,0
922188,0.11,-112.48531592128008,331
923046,0.12,-91.22010952162066,162
924435,0.11,-15.815978992953443,25
924489,0.12,-3.636439084120465,4
925095,0.1,0.0,0
925989,0.12,-123.32300061157707,301
926535,0.11,0.0,0
927477,0.12,-137.93753013902298,464
928068,0.1,-6.4443098205275335,8
928845,0.11,-119.06264009117452,230
928923,0.12,-89.66533645541617,158
930369,0.12,0.0,0
930924,0.1,0.0,0
930993,0.11,0.0,0
931830,0.12,-6.338555492350788,2
933282,0.12,-3.153605896207796,3
933288,0.11,-284.8050054500108,764
933912,0.1,-8.883855502968435,9
934752,0.12,-242.31462372754194,874
935532,0.11,-37.04084795139505,61
936210,0.12,-52.55198495455104,82
936849,0.1,-101.52627368615126,341
937692,0.12,-23.46196016120969,20
937713,0.11,-7.974688049315991,7
939105,0.12,-134.28714409442313,371
939786,0.1,-111.84552972145087,184
939870,0.11,-99.09934180109472,243
940581,0.12,-52.17824756251402,67
942009,0.12,-215.6610729301904,645
942054,0.11,-146.56223767505338,369
942675,0.1,0.0,0
943458,0.12,-207.44497023914187,751
944271,0.11,-27.85361727375195,25
944979,0.12,-253.2623303695459,1190
945519,0.1,-27.97623406571215,20
946428,0.12,-100.3228572209851,211
946446,0.11,-99.9146566492091,172
947862,0.12,-110.464941317724,355
948489,0.1,-109.26916434497832,267
948621,0.11,-4.981706624192132,7
949317,0.12,-63.295951970273734,101
950790,0.12,-4.950358300314715,4
950796,0.11,-17.007335452866027,12
951435,0.1,-78.58076573548341,124
952311,0.12,-87.25433418085323,181
953079,0.11,-22.445736244448398,26
953763,0.12,-47.611934549612165,69
954423,0.1,-2.2828062972918506,4
955218,0.12,-101.05956252677612,133
955236,0.11,0.0,0
956730,0.12,-240.73305027535227,841
957432,0.1,-5.901904740572882,9
957435,0.11,-12.3776271994453,13
958149,0.12,-44.98992645763956,49
959586,0.12,0.0,0
959622,0.11,0.0,0
960300,0.1,-28.712948290116728,35
961071,0.12,-70.75046963982916,123
961818,0.11,-58.09431294578147,54
962541,0.12,-91.83682052823568,137
963159,0.1,0.0,0
964008,0.12,-153.13099117613777,292
964014,0.11,0.0,0
965478,0.12,-14.52664458275537,20
965970,0.1,-90.90217855789501,157
966231,0.11,-1.849650475258272,2
966888,0.12,-241.2448409922103,1213
968280,0.11,-163.5058087137406,384
968361,0.12,-80.02939311971355,256
968871,0.1,-97.1179195524885,173
969888,0.12,-165.5899930246511,514
970503,0.11,-126.28408721745322,186
971325,0.12,0.0,0
971913,0.1,-104.41092184315447,165
972639,0.11,-31.19316499314609,42
972834,0.12,-4.304085820186074,13
974295,0.12,-82.85403698467022,244
974826,0.11,-21.41935530379127,24
974931,0.1,-11.253927132339603,9
975852,0.12,-102.8002876910816,211
976935,0.11,-2.084254721593279,4
977337,0.12,-1.7066521832417618,2
977844,0.1,-75.55874768326845,183
978852,0.12,-128.64496786977213,329
979095,0.11,0.0,0
980361,0.12,-265.0918316756729,1104
980790,0.1,-34.49485415735993,38
981219,0.11,0.0,0
981789,0.12,0.0,0
983208,0.12,-16.81118925095911,20
983439,0.11,-136.62245128055872,360
983625,0.1,-2.9377032921984823,3
984621,0.12,-97.2172729974415,203
985707,0.11,-4.728488488046292,2
986145,0.12,-33.59080768688373,36
986595,0.1,-34.790112673189896,35
987639,0.12,0.0,0
987945,0.11,-9.93891721569473,16
989061,0.12,0.0,0
989676,0.1,0.0,0
990177,0.11,-126.24215866556096,234
990483,0.12,-4.203563054610448,3
992007,0.12,-132.5736935969973,204
992274,0.11,-66.46389384624338,107
992730,0.1,-1.3829621718970009,3
993531,0.12,-190.91845632940203,1095
994500,0.11,-35.25231655883396,36
995022,0.12,-19.571646998443878,23
995658,0.1,-1.9480199229253237,3
996516,0.12,-130.81356609121306,317
996726,0.11,-115.02395488935423,297
997950,0.12,-102.018602482556,233
998577,0.1,0.0,0
998856,0.11,-24.749100703031388,32
999504,0.12,-218.63366791845826,674
1000959,0.12,0.0,0
1001082,0.11,0.0,0
1001484,0.1,-10.359738255115236,9
1002531,0.12,-207.12512121398044,547
1003254,0.11,-140.16383265042833,293
1004004,0.12,-0.8473053164142007,1
1004472,0.1,-84.45910173091696,119
1005435,0.11,-179.54992733626963,516
1005468,0.12,-34.014849117892155,42
1006914,0.12,0.0,0
1007403,0.1,0.0,0
1007667,0.11,-1.8279849785772724,6
1008342,0.12,-250.61017725497277,1351
1009851,0.11,-95.084843454377,127
1009905,0.12,-20.766220398044744,25
1010331,0.1,-55.97841103751629,120
1011381,0.12,0.0,0
1012080,0.11,-2.6323974539019868,4
1012845,0.12,-8.392101833017897,17
1013235,0.1,-13.942189053750056,12
1014300,0.11,-200.34809987205293,811
1014360,0.12,-108.19692528185843,312
1015728,0.12,-11.610497645428305,16
1016118,0.1,-104.87592386795117,399
1016445,0.11,-114.5095274302156,237
1017138,0.12,-131.48179091868468,338
1018605,0.12,-84.74562040841747,156
1018674,0.11,-2.473509401883141,5
1019019,0.1,-71.48354597715824,116
1020081,0.12,-57.92677023611781,79
1020921,0.11,-341.5005660207142,1677
1021527,0.12,-2.2839258377672524,3
1021977,0.1,-1.7148973113167876,1
1023012,0.12,-89.32059681381524,277
1023120,0.11,0.0,0
1024422,0.12,-26.369567042261195,24
1024899,0.1,-149.34357328783378,470
1025265,0.11,-5.5478435006409414,14
1025883,0.12,-120.35140692674288,241
1027320,0.12,0.0,0
1027443,0.11,0.0,0
1027860,0.1,-5.7286707286559775,4
1028694,0.12,-150.69516340221355,335
1029645,0.11,0.0,0
1030131,0.12,-39.05158471883837,46
1030692,0.1,-126.69157943236225,183
1031652,0.12,-256.049553476658,948
1031901,0.11,-167.79291682822546,359
1033077,0.12,-48.807663392541436,56
1033623,0.1,0.0,0
1034085,0.11,0.0,0
1034559,0.12,-67.6899099899091,64
1036041,0.12,-89.82757174606132,214
1036215,0.11,-4.716835337092824,7
1036638,0.1,-64.65269421831196,115
1037589,0.12,-244.328440422123,795
1038477,0.11,-154.22092770419343,433
1039029,0.12,-219.19359964307017,914
1039638,0.1,0.0,0
1040559,0.12,-63.08382605264171,156
1040610,0.11,-96.94352415867556,221
1042056,0.12,-3.9982050277958097,3
1042581,0.1,0.0,0
1042845,0.11,-5.958817646046889,3
1043571,0.12,-244.82596095604896,1066
1045050,0.11,-90.75840760195044,119
1045095,0.12,-301.7400500627886,2118
1045497,0.1,0.0,0
1046430,0.12,-18.042326532983957,17
1047297,0.11,-229.50957422446393,529
1047858,0.12,0.0,0
1048458,0.1,-0.6294357503024154,1
1049433,0.12,-63.90897884403108,125
1049514,0.11,0.0,0
1050858,0.12,-18.74454319050684,27
1051335,0.1,0.0,0
1051827,0.11,-29.70276096069792,49
1052295,0.12,-86.04177955235676,195
1053786,0.12,-93.8046680688765,255
1053894,0.11,0.0,0
1054323,0.1,-89.34315428664743,136
1055241,0.12,-110.72052946933488,230
1056147,0.11,-139.9477664866814,370
1056702,0.12,-130.37547673575588,241
1057230,0.1,0.0,0
1058178,0.12,-24.10809329145673,26
1058412,0.11,-96.40139771754377,214
1059669,0.12,-80.33116291583934,158
1060251,0.1,-3.551848105681483,4
1060674,0.11,0.0,0
1061172,0.12,-29.30849069104661,22
1062702,0.12,-80.7795770540493,144
1062918,0.11,-220.54661158070732,764
1063197,0.1,0.0,0
1064184,0.12,-1.5386151620251733,3
1065099,0.11,0.0,0
1065645,0.12,-39.252725087758485,67
1066101,0.1,-5.8350911401049705,5
1067217,0.12,-4.537141341296351,4
1067313,0.11,-193.88376174545994,639
1068624,0.12,-91.01489455902698,219
1069092,0.1,-2.016009892154499,1
1069542,0.11,-75.956260283312,106
1070079,0.12,0.0,0
1071642,0.12,-81.38030824773519,180
1071780,0.11,-78.77512095332847,123
1071999,0.1,-102.97948277481144,285
1073169,0.12,-38.76558470633677,41
1074027,0.11,-0.886814773242808,1
1074735,0.12,-134.39437085851088,486
1074933,0.1,-52.66766070849667,69
1076160,0.12,-243.32039658946601,1125
1076307,0.11,-7.527233817206324,9
1077654,0.12,-70.13453216073069,148
1077927,0.1,-9.815793300055043,13
1078509,0.11,-112.9512851392253,259
1079112,0.12,-68.53795679839463,96
1080567,0.12,-15.708937778058894,9
1080642,0.11,0.0,0
1080876,0.1,-31.792378327819485,20
1082061,0.12,0.0,0
1082823,0.11,-7.6179874843017155,9
1083594,0.12,0.0,0
1083885,0.1,0.0,0
1085040,0.12,0.0,0
1085046,0.11,0.0,0
1086480,0.12,-2.0050720616199005,3
1086717,0.1,-88.77832494919596,245
1087356,0.11,-7.984313415109587,6
1087902,0.12,-14.560316945947857,26
1089363,0.12,-1.7889168312191337,2
1089567,0.11,-274.15111460347,1171
1089639,0.1,-9.647091393127663,8
1090878,0.12,-49.95897355705116,95
1091742,0.11,0.0,0
1092333,0.12,0.0,0
1092567,0.1,-404.48318921283436,2083
1093776,0.12,-69.40707661607144,129
1093920,0.11,-126.88159873453799,332
1095177,0.12,-2.402509844861052,2
1095588,0.1,0.0,0
1096155,0.11,-97.19144660730656,210
1096551,0.12,-49.193787393545335,58
1098015,0.12,0.0,0
1098342,0.11,0.0,0
1098522,0.1,-121.6345463897221,372
1099422,0.12,0.0,0
1100508,0.11,-33.20503467390878,42
1100943,0.12,-39.896069710675015,45
1101495,0.1,-20.1416413601267,20
1102476,0.12,-7.847749445733842,14
1102710,0.11,-54.65452338358547,109
1103970,0.12,-224.94891100550285,986
1104378,0.1,0.0,0
1104927,0.11,-1.3647689763307662,1
1105413,0.12,-96.5321369735407,248
1106928,0.12,-122.9294855351884,302
1107087,0.11,0.0,0
1107342,0.1,-191.16284855378063,650
1108488,0.12,-247.41473759209944,1102
1109214,0.11,-130.4679095145041,350
1109949,0.12,-16.382711321412927,22
1110348,0.1,-2.802173043052769,5
1111395,0.12,-96.24927998961135,301
1111398,0.11,0.0,0
1112898,0.12,-91.97293365755512,190
1113174,0.1,0.0,0
1113615,0.11,-50.20240321504335,89
1114374,0.12,-27.19924391019825,21
1115802,0.12,-30.549427017487968,27
1115838,0.11,-185.56761597637004,461
1116147,0.1,-74.21105750957652,169
1117275,0.12,-1.222434731826833,1
1118046,0.11,0.0,0
1118802,0.12,-54.39921041589246,40
1119105,0.1,-24.59090959857025,23
1120212,0.12,-1.4097917691389834,1
1120401,0.11,-69.90081068419498,97
1121748,0.12,-95.7139287113142,233
1122057,0.1,-0.4672231351027425,1
1122555,0.11,-88.87497597988747,239
1123236,0.12,-204.4565574135276,697
1124700,0.12,-45.678454950315896,69
1124751,0.11,-53.457131702094024,101
1125084,0.1,-1.457363592762741,2
1126134,0.12,-150.30904408795385,328
1126866,0.11,-6.874218866605438,9
1127634,0.12,-3.7731114277765334,6
1128039,0.1,-3.4024563794856615,4
1129011,0.12,-88.48524884693155,216
1129020,0.11,-10.875455948888561,18
1130487,0.12,-128.83659849203715,372
1131015,0.1,-55.42438048232467,86
1131261,0.11,-95.42776177399918,156
1131996,0.12,0.0,0
1133403,0.12,0.0,0
1133427,0.11,0.0,0
1134033,0.1,0.0,0
1134942,0.12,-63.1122288535174,87
1135641,0.11,-277.519800179889,1130
1136352,0.12,-75.02731114184444,156
1136862,0.1,0.0,0
1137837,0.11,-9.755155541847571,14
1137843,0.12,-8.342609939574054,18
1139292,0.12,-230.5762396422985,1008
1139868,0.1,-4.39680467317092,6
1140132,0.11,0.0,0
1140735,0.12,-91.67077733194765,230
1142187,0.12,-62.80964141136728,97
1142382,0.11,-38.03927303998134,33
1142859,0.1,-7.722996787868506,9
1143561,0.12,-0.800769119133945,1
1144575,0.11,-96.96243383858345,216
1145085,0.12,-2.1810816612913935,3
1145724,0.1,0.0,0
1146672,0.12,-170.72922899445538,679
1146852,0.11,-67.39207488164452,150
1148148,0.12,-78.31250993344936,150
1148700,0.1,0.0,0
1149048,0.11,0.0,0
1149657,0.12,-238.59073394935268,868
1151136,0.12,-0.8800009175728031,1
1151250,0.11,-98.90792777348605,255
1151742,0.1,0.0,0
1152549,0.12,-210.1584461579704,976
1153467,0.11,-70.88069108785011,119
1154043,0.12,-214.083670799241,712
1154553,0.1,0.0,0
1155510,0.12,0.0,0
1155705,0.11,-5.280909042737096,10
1157010,0.12,-2.8892392919541536,2
1157631,0.1,-1.7704938938054529,3
1157925,0.11,0.0,0
1158537,0.12,-151.89324961816524,451
1160049,0.12,0.0,0
1160103,0.11,-73.33996076476905,89
1160580,0.1,0.0,0
1161615,0.12,-242.4512873507269,907
1162245,0.11,-77.0583576044135,155
1163022,0.12,-75.48709650233432,177
1163529,0.1,-55.423694797425924,94
1164486,0.12,0.0,0
1164489,0.11,-138.31364546963775,471
1165908,0.12,-37.74868969270094,48
1166409,0.1,-126.78937316879664,434
1166673,0.11,0.0,0
1167363,0.12,-36.044075126597484,56
1168779,0.12,-95.22053286937332,112
1168950,0.11,-71.02070730538999,125
1169247,0.1,0.0,0
1170249,0.12,-1.4292061226809991,3
1171089,0.11,-72.03079543889521,116
1171740,0.12,-146.66843057610308,494
1172250,0.1,-20.015810723463375,26
1173201,0.12,-280.89101665571627,2045
1173345,0.11,-413.39548090058435,2242
1174644,0.12,-49.59455886022088,68
1175157,0.1,-15.114344479063556,10
1175583,0.11,-11.12495899304227,14
1176132,0.12,-144.66604371109486,366
1177563,0.12,-142.00924611973804,579
1177773,0.11,0.0,0
1178121,0.1,-50.829431038083165,64
1179063,0.12,0.0,0
1179891,0.11,-70.77540396479536,133
1180476,0.12,0.0,0
1181118,0.1,-112.7663428526435,211
1181913,0.12,0.0,0
1182171,0.11,-74.5866761815219,118
1183371,0.12,-158.63701477383572,608
1184043,0.1,-0.8900374708281839,1
1184361,0.11,-67.18954744989979,125
1184763,0.12,-0.5433039128148952,1
1186269,0.12,-52.51195409093337,89
1186605,0.11,-71.88015982260644,201
1187031,0.1,-96.72652240154454,137
1187700,0.12,-54.01213322385775,116
1188792,0.11,-83.89970808521909,177
1189236,0.12,-13.43959205927346,12
1189920,0.1,0.0,0
1190649,0.12,-57.7093721549606,65
1191027,0.11,-240.06338926414088,723
1192083,0.12,-0.7743704090931673,1
1192902,0.1,-158.05027393046763,452
1193271,0.11,0.0,0
1193562,0.12,0.0,0
1194951,0.12,-56.28161128172617,80
1195335,0.11,-2.671846421565127,5
1195803,0.1,-68.08976825138026,136
1196415,0.12,-161.5470850379971,457
1197492,0.11,-90.50276090386323,188
1197924,0.12,-25.79103187151437,42
1198800,0.1,-3.3197583893950844,3
1199379,0.12,0.0,0
1199670,0.11,0.0,0
1200861,0.12,-94.76072283738225,186
1201773,0.1,-16.48773013464882,16
1201932,0.11,0.0,0
1202238,0.12,-2.000953236489605,3
1203666,0.12,-125.47254362960643,429
1204203,0.11,-184.61791440673292,482
1204659,0.1,-91.62467575489069,207
1205193,0.12,-46.940247292987976,40
1206549,0.11,-136.30797720830532,561
1206690,0.12,-82.7978721155826,67
1207611,0.1,-1.8340998640050858,4
1208157,0.12,-79.10172073422449,149
1208754,0.11,-193.2638086692411,482
1209588,0.12,-88.68757578472702,223
1210524,0.1,-5.758783595728411,4
1210935,0.11,-61.04526705670432,86
1211082,0.12,-125.08949989086508,279
1212447,0.12,0.0,0
1213203,0.11,-1.3867106109257958,4
1213518,0.1,-25.416861424440548,20
1213776,0.12,-58.849935913173496,77
1215297,0.12,-108.97898599245872,247
1215462,0.11,-17.01974833914937,11
1216395,0.1,0.0,0
1216830,0.12,-148.9078209613092,597
1217757,0.11,-119.01303505129562,128
1218303,0.12,0.0,0
1219311,0.1,0.0,0
1219746,0.12,-77.17934870473057,135
1220004,0.11,-166.70252924898435,505
1221183,0.12,0.0,0
1222263,0.11,-105.39558818271055,326
1222305,0.1,-37.99616374355767,52
1222632,0.12,-15.572611956282309,23
1224120,0.12,-40.28823559187648,50
1224555,0.11,-61.695253292971366,72
1225317,0.1,-1.9111889005382126,3
1225656,0.12,-255.4001346613037,1476
1226697,0.11,-38.36350370794528,33
1227156,0.12,0.0,0
1228347,0.1,-300.99925311831987,1396
1228662,0.12,-258.3207603874819,1447
1228980,0.11,-281.38155924447744,826
1230144,0.12,0.0,0
1231230,0.11,-2.986357736047249,2
1231380,0.1,-9.331604876724866,11
1231593,0.12,0.0,0
1233108,0.12,-267.63003661761445,1369
1233399,0.11,-9.019719595772584,12
1234209,0.1,0.0,0
1234551,0.12,-88.15625229978941,191
1235577,0.11,0.0,0
1235961,0.12,0.0,0
1237269,0.1,-3.501063438766693,3
1237458,0.12,-90.25368872437464,222
1237776,0.11,0.0,0
1238934,0.12,-279.04445773009974,1703
1239999,0.11,0.0,0
1240158,0.1,0.0,0
1240344,0.12,-83.27810264575935,159
1241823,0.12,-209.26977933640165,715
1242273,0.11,-177.6459066142276,611
1243083,0.1,-54.58779207765839,71
1243251,0.12,-188.8803197579697,733
1244352,0.11,-10.592601697644824,12
1244628,0.12,-197.03049099250816,670
1246158,0.1,-43.1704702578544,56
1246194,0.12,-156.46074302336592,360
1246455,0.11,-95.77788745034745,134
1247790,0.12,-94.40896133733645,221
1248633,0.11,-8.006640652271297,14
1249026,0.1,-0.7264762245204287,1
1249317,0.12,-267.29614064132016,1320
1250754,0.12,-191.51276401723243,619
1250802,0.11,-16.531559256448148,20
1251933,0.1,-84.32256066673612,266
1252086,0.12,-29.56030738521832,45
1252935,0.11,-213.81044125558856,580
1253592,0.12,0.0,0
1254870,0.1,-39.570501647564384,39
1255107,0.12,-30.031527457481126,33
1255167,0.11,-252.29094073087703,1000
1256592,0.12,-41.207800329878985,36
1257408,0.11,-137.50711212797995,600
1257792,0.1,0.0,0
1258083,0.12,-55.16901540314113,102
1259520,0.11,-101.57051895134926,181
1259550,0.12,-73.25555582491734,180
1260717,0.1,-0.8562786402836094,1
1260966,0.12,0.0,0
1261770,0.11,-158.12639180853213,434
1262388,0.12,-82.01202494575844,174
1263588,0.1,-0.8719983144604309,1
1263885,0.12,-1.8126873766246308,4
1263972,0.11,-70.83642815818239,195
1265325,0.12,-2.0055102826204974,3
1266090,0.11,-2.6607478134952744,5
1266531,0.1,0.0,0
1266837,0.12,-124.80580591944616,451
1268283,0.12,-38.283779735636784,60
1268337,0.11,0.0,0
1269588,0.1,-10.990303328931528,17
1269765,0.12,-106.20231728138538,216
1270458,0.11,0.0,0
1271292,0.12,-235.99920790346022,830
1272507,0.1,0.0,0
1272609,0.11,-59.1407088982912,84
1272741,0.12,-39.987182377539334,68
1274163,0.12,-49.09405113705654,83
1274775,0.11,0.0,0
1275471,0.1,-4.579933142788735,8
1275621,0.12,-2.83436195441575,4
1276935,0.11,-91.4474477435736,142
1277070,0.12,-72.3015651055468,155
1278342,0.1,0.0,0
1278543,0.12,-107.83185225706433,331
1279116,0.11,-42.28878673116968,50
1280025,0.12,-53.51132373487069,86
1281186,0.1,-6.065110472071661,10
1281273,0.11,-62.38504621064188,97
1281504,0.12,-49.69916377477783,44
1283058,0.12,-1.5325926895066093,1
1283511,0.11,-3.866495068394249,6
1284147,0.1,-2.0579365243928702,2
1284570,0.12,-65.85499442864587,92
1285596,0.11,0.0,0
1285998,0.12,-227.88109600354275,1093
1287081,0.1,0.0,0
1287408,0.12,-117.07063463821162,297
1287708,0.11,-4.203744644071894,6
1288881,0.12,-71.68432619721835,93
1289913,0.1,-0.9837730883688192,2
1289997,0.11,-164.16806197668612,582
1290306,0.12,-63.04213277606061,122
1291806,0.12,-84.8023132433462,125
1292235,0.11,-1.2772987998864171,2
1292844,0.1,-3.996639163567606,5
1293300,0.12,-163.69695153981112,476
1294452,0.11,-62.014109749918646,110
1294707,0.12,0.0,0
1295760,0.1,-10.437103014940979,9
1296105,0.12,-110.9562358116983,330
1296696,0.11,0.0,0
1297629,0.12,-245.30933849265128,1201
1298631,0.1,-2.0047692513313558,2
1298937,0.11,-289.7704135079353,1032
1299093,0.12,-93.78821331808774,308
1300527,0.12,-117.1724461618293,282
1301229,0.11,-39.53730540471985,76
1301469,0.1,0.0,0
1302003,0.12,-2.762999885789807,1
1303383,0.11,-7.259574610587543,10
1303530,0.12,0.0,0
1304316,0.1,0.0,0
1304973,0.12,0.0,0
1305555,0.11,-129.93056459159064,407
1306440,0.12,-30.72757956986017,33
1307127,0.1,-1.6593829065963508,3
1307661,0.11,-8.450474529083136,15
1307910,0.12,-218.29549775715145,891
1309374,0.12,-190.63279412192293,704
1309812,0.11,-40.58586210858376,59
1310073,0.1,-163.67151013902583,535
1310835,0.12,-85.7772636497664,221
1312017,0.11,-6.954752180975774,9
1312317,0.12,0.0,0
1313034,0.1,0.0,0
1313832,0.12,-4.301322596753524,5
1314171,0.11,-25.981465033150087,26
1315278,0.12,-45.64728163483583,61
1316034,0.1,-1.0644641258682286,1
1316403,0.11,0.0,0
1316712,0.12,-90.82585311718034,245
1318239,0.12,-248.6483965044122,1166
1318554,0.11,-1.1849311182491629,2
1318989,0.1,-136.9139521223788,416
1319763,0.12,-241.64567050118413,1022
1320621,0.11,0.0,0
1321248,0.12,-33.70945430432041,38
1321869,0.1,-10.177625747657537,10
1322775,0.12,-68.3237504967231,103
1322838,0.11,-33.47574757051686,36
1324239,0.12,-105.84361691436894,277
1324860,0.1,-44.97097870670845,60
1325049,0.11,-158.49934891628618,301
1325715,0.12,-5.762140495642909,4
1327155,0.12,-91.40427995663829,156
1327278,0.11,-13.677765618647827,15
1327887,0.1,-84.52419035184109,149
1328610,0.12,-80.8766008344041,109
1329489,0.11,-117.63895223201469,217
1330107,0.12,-2.0492836019365925,4
1330797,0.1,0.0,0
1331526,0.12,-112.63871795012065,323
1331775,0.11,-26.79808173929061,23
1333020,0.12,-16.27417910041159,14
1333809,0.1,0.0,0
1334073,0.11,-145.60553444838916,587
1334445,0.12,-4.72453538991932,5
1335885,0.12,-81.92233226500107,180
1336233,0.11,-187.48103503656938,473
1336743,0.1,-96.57797788503798,111
1337292,0.12,-176.76932921855988,634
1338447,0.11,-86.0966683904948,232
1338720,0.12,-80.5355337925424,173
1339731,0.1,-189.19890325280258,426
1340214,0.12,-260.09010516474444,1461
1340685,0.11,0.0,0
1341648,0.12,-0.9670122945624329,2
1342731,0.1,-2.662497647354262,3
1342758,0.11,-57.52110073490923,77
1343079,0.12,-29.917251309913883,29
1344483,0.12,-93.69532431512816,250
1344993,0.11,-88.15854727604098,183
1345671,0.1,-6.425328416910404,9
1345965,0.12,0.0,0
1347201,0.11,-56.25981340205206,66
1347399,0.12,-150.67318063523354,586
1348611,0.1,0.0,0
1348887,0.12,0.0,0
1349406,0.11,-2.562049290598046,3
1350348,0.12,-25.857809878879333,48
1351527,0.1,-151.09449233539672,384
1351602,0.11,0.0,0
1351815,0.12,0.0,0
1353285,0.12,-248.89204163802603,1204
1353792,0.11,-96.10061338259598,215
1354449,0.1,-72.78169329006668,154
1354761,0.12,-1.9655939831963674,3
1356045,0.11,-8.827552564759237,20
1356255,0.12,-239.88948455935574,1136
1357413,0.1,0.0,0
1357806,0.12,-86.80049352807264,183
1358349,0.11,0.0,0
1359204,0.12,-253.720971749292,1406
1360341,0.1,-219.37874282465444,1065
1360581,0.11,-5.173516178303577,8
1360689,0.12,0.0,0
1362174,0.12,0.0,0
1362792,0.11,0.0,0
1363242,0.1,-2.6596780620527305,6
1363632,0.12,-237.0588836791185,971
1365033,0.11,0.0,0
1365057,0.12,-1.018719832666406,1
1366131,0.1,0.0,0
1366464,0.12,-2.5364664495824307,3
1367169,0.11,-3.605629974384412,7
1367952,0.12,0.0,0
1369011,0.1,0.0,0
1369281,0.11,-1.6918774868402577,2
1369485,0.12,-299.3951326065759,2472
1371000,0.12,-262.90931893236467,1149
1371411,0.11,0.0,0
1371885,0.1,-8.648535286577655,12
1372488,0.12,-63.52530285027118,108
1373616,0.11,-65.943578882201,136
1373940,0.12,-87.40191980148883,107
1374909,0.1,-159.96860717039522,386
1375500,0.12,-4.683807223335175,8
1375797,0.11,-292.3721536683063,981
1377030,0.12,-228.94270141063916,881
1377813,0.1,-39.251573581715604,40
1378020,0.11,-3.648075317533974,3
1378512,0.12,-9.534883269470141,20
1379925,0.12,0.0,0
1380213,0.11,-248.6912830818788,1028
1380804,0.1,-6.147545707635362,12
1381434,0.12,-45.649082523603866,78
1382334,0.11,-66.07371704955997,156
1382982,0.12,-236.48456162664323,1145
1383771,0.1,-70.04894228596426,107
1384449,0.12,0.0,0
1384533,0.11,-2.9182693278679013,4
1385847,0.12,-213.6173729720442,740
1386669,0.1,0.0,0
1386831,0.11,-92.03299550122446,164
1387293,0.12,0.0,0
1388772,0.12,-108.64678982410324,170
1388880,0.11,-75.25745738866759,190
1389654,0.1,-53.92314842097836,91
1390209,0.12,0.0,0
1391082,0.11,-31.349725542711205,34
1391619,0.12,-82.42477099859697,255
1392618,0.1,-22.8081020772529,22
1393110,0.12,-4.836207348594958,2
1393389,0.11,0.0,0
1394556,0.12,-81.36178087410289,191
1395492,0.1,-4.096968398417015,5
1395504,0.11,0.0,0
1396041,0.12,-107.67626319379674,264
1397472,0.12,-227.40710884351356,845
1397709,0.11,-1.1406779539536223,1
1398366,0.1,0.0,0
1398930,0.12,0.0,0
1399980,0.11,-327.91461016240066,1433
1400391,0.12,-0.7674214932763181,1
1401327,0.1,-59.646038966737244,68
1401780,0.12,-0.7694037442284888,1
1402215,0.11,-16.563861044956912,28
1403283,0.12,-44.866643875608005,60
1404225,0.1,-3.491656482720393,1
1404471,0.11,-32.370153123578426,33
1404759,0.12,-0.895737256539689,1
1406256,0.12,-219.47639552845519,986
1406604,0.11,-58.18104506531626,100
1407165,0.1,-111.30932084127859,305
1407705,0.12,-38.38407207510965,36
1408812,0.11,-61.24872527867841,156
1409193,0.12,-249.97902337353892,1099
1410162,0.1,-61.47153086291083,77
1410708,0.12,-132.30705834228618,311
1411128,0.11,-322.8768184562537,1204
1412184,0.12,-123.32800356833069,266
1413102,0.1,0.0,0
1413351,0.11,-130.14367702390305,537
1413687,0.12,-204.00912932953776,675
1415157,0.12,-1.6206748117948073,3
1415616,0.11,-235.15201092101825,807
1416021,0.1,-106.0859054195744,373
1416531,0.12,0.0,0
1417806,0.11,-74.55966205779046,126
1417920,0.12,-7.993100121649449,12
1418955,0.1,0.0,0
1419435,0.12,-38.65612416071276,34
1419957,0.11,-62.48960850406299,142
1420896,0.12,-202.5105208186236,819
1421865,0.1,-115.71159642815027,269
1422129,0.11,-0.7954690960073801,1
1422390,0.12,-29.41058460418312,41
1423878,0.12,-75.48088007901016,248
1424256,0.11,0.0,0
1424859,0.1,-50.72328619875174,65
1425345,0.12,-48.19158012589074,82
1426446,0.11,-89.50526148028965,200
1426842,0.12,-0.9011539900059982,2
1427883,0.1,-85.00398131163041,156
1428297,0.12,-82.41380030824573,210
1428642,0.11,-1.0384979880580656,1
1429701,0.12,-130.20384829744356,371
1430793,0.1,0.0,0
1430889,0.11,-93.19062712554744,163
1431135,0.12,-96.20333567301387,184
1432617,0.12,0.0,0
1433085,0.11,-228.44492486377683,732
1433763,0.1,0.0,0
1434129,0.12,-45.74359764442268,80
1435305,0.11,-12.493303920408541,14
1435638,0.12,-39.691135781374086,42
1436652,0.1,-51.627363221475186,58
1437165,0.12,-58.226381555578755,136
1437498,0.11,-0.6002091849006762,1
1438668,0.12,-4.084096544619289,7
1439568,0.1,0.0,0
1439640,0.11,0.0,0
1440126,0.12,-193.28625108641788,862
1441587,0.12,-31.70717331764408,28
1441839,0.11,-74.98966459809895,146
1442451,0.1,0.0,0
1443036,0.12,-128.39025135041737,276
1444179,0.11,-234.653659679736,492
1444536,0.12,-58.856147216812445,79
1445415,0.1,-3.4680999795809413,3
1445949,0.12,-219.00862306310395,844
1446360,0.11,-1.8483260081597979,1
1447437,0.12,-17.066145538692968,26
1448439,0.1,-12.112411872822932,16
1448505,0.11,-160.60333028687043,505
1448925,0.12,-2.700736590457719,5
1450407,0.12,0.0,0
1450635,0.11,-53.43754562805606,117
1451370,0.1,-243.96697366604133,898
1451970,0.12,-105.12743310074953,208
1452873,0.11,-113.64670984438312,293
1453434,0.12,-125.59658024182319,245
1454268,0.1,-1.461205879235838,3
1454928,0.12,-91.7731793741419,226
1455135,0.11,-11.133725521931922,10
1456338,0.12,-95.55654818427087,195
1457133,0.1,-10.056120665734525,7
1457391,0.11,-33.71483763458382,40
1457844,0.12,-7.046728781592846,10
1459302,0.12,0.0,0
1459593,0.11,-133.40601047063146,305
1460181,0.1,-85.04116628716511,192
1460769,0.12,-29.65994613569164,39
1461876,0.11,-50.75437075956532,45
1462302,0.12,-135.4323187327209,307
1463139,0.1,0.0,0
1463745,0.12,0.0,0
1464120,0.11,-20.633491927177378,29
1465212,0.12,-96.31170033705942,158
1466061,0.1,-15.375016917589878,15
1466427,0.11,-173.21265335277317,453
1466571,0.12,-63.7679468155402,106
1468041,0.12,-1.206929762110153,1
1468638,0.11,-164.57898340450524,413
1469049,0.1,-8.886354855770119,12
1469607,0.12,-3.1150520540395257,5
1470846,0.11,0.0,0
1471059,0.12,-4.498551303454685,6
